{"total_flos":1.1824529579127603e+17,"_timestamp":1.7622016444304922e+09,"eval/runtime":15.3452,"_runtime":1956.077978358,"train_steps_per_second":16.15,"train/learning_rate":0.0004,"train/global_step":701,"_wandb":{"runtime":1969},"train/epoch":0.023125010308938262,"train_runtime":1877.0168,"eval/samples_per_second":325.834,"eval/loss":4.589023590087891,"train/grad_norm":0.4299525320529938,"_step":15,"train/loss":4.0249,"eval/steps_per_second":20.397,"train_samples_per_second":1033.589,"train_loss":5.097309212881896}