{"eval/steps_per_second":5.376,"train_samples_per_second":1076.481,"eval/samples_per_second":85.873,"train/learning_rate":0.00039339379095783413,"_timestamp":1.7622735557597146e+09,"train/epoch":0.02058488792122322,"train/loss":4.1382,"_step":13,"train/global_step":624,"train_runtime":1802.2273,"train/grad_norm":0.5063382387161255,"train_loss":5.265513811355982,"eval/runtime":58.2258,"total_flos":5.262843410644992e+16,"train_steps_per_second":16.82,"eval/loss":4.660367488861084,"_runtime":1918.007663765,"_wandb":{"runtime":1918}}