{"_timestamp":1.7622126484664228e+09,"eval/runtime":22.2541,"train/global_step":701,"train/loss":4.6813,"eval/steps_per_second":14.065,"_step":15,"total_flos":1.1824529579127603e+17,"train_runtime":1825.0204,"train_samples_per_second":1063.036,"eval/samples_per_second":224.677,"eval/loss":5.236621856689453,"train_steps_per_second":16.61,"train_loss":5.862699881429849,"train/learning_rate":0.003,"train/grad_norm":0.1580955684185028,"_runtime":1917.0576392,"_wandb":{"runtime":1919},"train/epoch":0.023125010308938262}