{"train_steps_per_second":16.39,"eval/steps_per_second":13.787,"train_loss":4.646389919951198,"eval/runtime":22.7031,"train/epoch":0.03961931152786712,"train/global_step":1201,"train/grad_norm":0.435546875,"eval/samples_per_second":220.234,"_timestamp":1.7621734238461025e+09,"_runtime":1937.058067188,"train/learning_rate":0.0003867304243873282,"train_runtime":1849.5442,"_step":25,"_wandb":{"runtime":1939},"train/loss":3.411,"train_samples_per_second":1048.941,"eval/loss":4.082319259643555,"total_flos":2.0258573501281075e+17}