{"train_samples_per_second":1073.105,"total_flos":1.2128155171867853e+17,"_timestamp":1.7622146372326424e+09,"train/learning_rate":0.003,"_wandb":{"runtime":1908},"train/epoch":0.0237188051528197,"eval/samples_per_second":225.02,"_runtime":1907.253944725,"eval/loss":5.230127334594727,"eval/steps_per_second":14.086,"train_steps_per_second":16.768,"train/grad_norm":0.14473488926887512,"eval/runtime":22.2202,"_step":15,"train_runtime":1807.8972,"train/loss":4.6725,"train_loss":5.830434361485679,"train/global_step":719}