{"train/grad_norm":0.4368467330932617,"_wandb":{"runtime":1917},"eval/loss":4.341338157653809,"_timestamp":1.7622808731490486e+09,"total_flos":7.312316092855091e+16,"train_samples_per_second":1076.99,"eval/runtime":58.2472,"train/learning_rate":0.00039074601178261734,"train/global_step":867,"eval/steps_per_second":5.374,"train_loss":4.8691701570046675,"eval/samples_per_second":85.841,"train/loss":3.8353,"_step":17,"_runtime":1917.119603211,"train_runtime":1801.3745,"train_steps_per_second":16.828,"train/epoch":0.028601118313622644}