{"train/global_step":762,"_timestamp":1.7622105879731846e+09,"eval/runtime":15.4172,"train_loss":5.110871642906209,"train/learning_rate":0.0007,"train/epoch":0.02513731505764758,"train_samples_per_second":1072.265,"train/loss":4.0362,"train/grad_norm":0.3344608247280121,"_step":15,"train_steps_per_second":16.754,"total_flos":1.2853482913739571e+17,"eval/loss":4.585632801055908,"_runtime":1892.600516465,"eval/steps_per_second":20.302,"_wandb":{"runtime":1906},"eval/samples_per_second":324.313,"train_runtime":1809.3128}