{"total_flos":5.077294441404826e+16,"train/grad_norm":0.3640097975730896,"train/global_step":301,"train/loss":5.5591,"train_steps_per_second":16.197,"_wandb":{"runtime":2019},"train/epoch":0.009929569333795173,"eval/steps_per_second":19.393,"_timestamp":1.7621993574707184e+09,"eval/samples_per_second":309.787,"_runtime":2004.345610636,"train/learning_rate":0.0004,"train_runtime":1871.6013,"train_loss":6.572375040909777,"_step":7,"eval/loss":5.89947509765625,"train_samples_per_second":1036.579,"eval/runtime":16.1401}