{"total_flos":7.177371387953152e+16,"train/epoch":0.01403665033730846,"_runtime":1893.089801986,"train_samples_per_second":1072.351,"train/learning_rate":0.0004,"eval/runtime":15.5111,"_timestamp":1.7622582186786191e+09,"_step":17,"train_loss":5.331203223115269,"eval/samples_per_second":322.35,"eval/loss":4.940752029418945,"_wandb":{"runtime":1906},"eval/steps_per_second":20.179,"train_steps_per_second":33.511,"train/global_step":851,"train_runtime":1809.1685,"train/loss":4.3828,"train/grad_norm":0.5803307294845581}