{"eval/loss":4.8824944496154785,"eval/steps_per_second":2.573,"train_samples_per_second":1058.345,"eval/runtime":121.6418,"train_runtime":1833.1102,"train/global_step":901,"eval/samples_per_second":41.104,"_timestamp":1.7622874320029354e+09,"_runtime":2007.489365247,"train/loss":2.1557,"_step":19,"train_loss":2.708252361162124,"train/learning_rate":0.00038942212219500894,"total_flos":1.5198147389580902e+17,"_wandb":{"runtime":2009},"train_steps_per_second":16.537,"train/grad_norm":0.35546875,"train/epoch":0.029722730796509805}