{"_wandb":{"runtime":2004},"train_samples_per_second":1018.754,"train_runtime":1904.349,"train_steps_per_second":7.959,"train/grad_norm":0.28638046979904175,"train/global_step":501,"eval/samples_per_second":269.377,"train/loss":3.9221,"_step":11,"train_loss":5.221675024299088,"eval/loss":4.446993827819824,"_timestamp":1.7621947001383054e+09,"eval/steps_per_second":33.672,"train/epoch":0.033054579642733437,"eval/runtime":18.5614,"_runtime":1991.636343863,"total_flos":1.690182402053243e+17,"train/learning_rate":0.0007}