{"train_loss":4.694274476799832,"_timestamp":1.7622832529665835e+09,"train/epoch":0.03312055684760915,"eval/runtime":22.3748,"_step":21,"train/loss":3.6615,"total_flos":1.6935560196757914e+17,"train_steps_per_second":16.839,"_wandb":{"runtime":1891},"train/grad_norm":0.40228036046028137,"train/learning_rate":0.0004,"_runtime":1890.091590446,"train_runtime":1800.2672,"train/global_step":1004,"train_samples_per_second":1077.653,"eval/steps_per_second":13.989,"eval/loss":4.264172554016113,"eval/samples_per_second":223.466}