{"_runtime":1923.439237472,"train_steps_per_second":16.757,"eval/steps_per_second":18.104,"train/loss":3.6467,"total_flos":1.8065722080178995e+17,"_wandb":{"runtime":1943},"eval/runtime":17.2891,"train_runtime":1809.0754,"train/global_step":1071,"train/grad_norm":0.3995862305164337,"eval/loss":4.260244369506836,"train_samples_per_second":1072.406,"eval/samples_per_second":289.2,"train/learning_rate":0.0004,"_timestamp":1.7621889864320993e+09,"train/epoch":0.03533079321094562,"train_loss":4.626633003868865,"_step":21}