{"train_samples_per_second":1076.91,"train_runtime":1801.5096,"train/grad_norm":0.57421875,"_step":21,"train/epoch":0.018110742738383888,"eval/runtime":45.5798,"train_steps_per_second":33.653,"train/learning_rate":0.0004997278852751291,"train/global_step":1098,"_runtime":1910.446071308,"eval/steps_per_second":13.712,"eval/loss":4.774963855743408,"train_loss":5.1133207171775386,"total_flos":9.260580373895578e+16,"eval/samples_per_second":109.698,"_wandb":{"runtime":1910},"_timestamp":1.760972962043818e+09,"train/loss":4.1778}