{"_runtime":1903.318269149,"_wandb":{"runtime":1903},"eval/steps_per_second":14.249,"_timestamp":1.7609761801733077e+09,"train_steps_per_second":4.207,"train_runtime":1801.4196,"train_loss":6.635768179657795,"eval/loss":5.136333465576172,"train/global_step":263,"total_flos":1.7745228694605005e+17,"_step":1,"eval/runtime":43.8634,"train_samples_per_second":1076.963,"train/epoch":0.03470343735567725,"eval/samples_per_second":113.99}