{"eval/runtime":58.3477,"train_samples_per_second":1076.506,"_runtime":1919.945123883,"eval/steps_per_second":5.364,"train_runtime":1802.1851,"train/learning_rate":0.00039339379095783413,"_timestamp":1.7622705897204254e+09,"total_flos":5.254409356522291e+16,"train_loss":5.260738599357789,"train_steps_per_second":16.821,"train/epoch":0.02055189931878536,"train/grad_norm":0.5185931921005249,"eval/samples_per_second":85.693,"_step":13,"train/global_step":623,"_wandb":{"runtime":1920},"train/loss":4.1368,"eval/loss":4.660513877868652}