{"_timestamp":1.7622653192368484e+09,"_wandb":{"runtime":1917},"eval/runtime":22.6103,"train_steps_per_second":8.298,"train/grad_norm":0.3626183569431305,"train_runtime":1826.6347,"train/epoch":0.03305403443953289,"eval/samples_per_second":221.138,"_step":21,"train/learning_rate":0.0004,"train/global_step":501,"total_flos":1.690182402053243e+17,"eval/steps_per_second":13.843,"train_samples_per_second":1062.097,"train_loss":5.149107736027883,"eval/loss":4.4781999588012695,"train/loss":3.8788,"_runtime":1916.593868557}