{"train_steps_per_second":16.833,"_wandb":{"runtime":1882},"train_loss":4.2991531536143315,"eval/steps_per_second":13.865,"train/learning_rate":0.000382802674256967,"train/loss":3.3065,"_step":29,"_timestamp":1.762285357261619e+09,"eval/samples_per_second":221.487,"_runtime":1880.69808381,"total_flos":2.5099714789638144e+17,"train/global_step":1488,"train/grad_norm":0.51171875,"train_samples_per_second":1077.31,"train_runtime":1800.8405,"train/epoch":0.049087040427532286,"eval/runtime":22.5747,"eval/loss":3.9201765060424805}