{"total_flos":1.131005307959378e+17,"train_loss":5.007141158795908,"train_samples_per_second":1077.1,"train_steps_per_second":33.659,"train/global_step":1341,"eval/runtime":44.0472,"_step":27,"_timestamp":1.7609925465185268e+09,"train/loss":3.9611,"eval/samples_per_second":113.515,"train/epoch":0.0221188579345836,"_runtime":1896.13774618,"train_runtime":1801.1904,"train/grad_norm":0.58203125,"_wandb":{"runtime":1899},"train/learning_rate":0.00039272510632664206,"eval/loss":4.55035924911499,"eval/steps_per_second":14.189}