{"eval/samples_per_second":114.631,"_runtime":1897.244324711,"train/grad_norm":0.5,"train/learning_rate":0.0003994684737161189,"total_flos":1.617649650011996e+17,"_wandb":{"runtime":1902},"train/global_step":959,"train_loss":4.944548399033214,"eval/runtime":43.6181,"_timestamp":1.760990010635696e+09,"train/loss":3.7558,"train/epoch":0.03163606973790555,"eval/loss":4.358518600463867,"eval/steps_per_second":14.329,"train_runtime":1801.3048,"train_samples_per_second":1077.032,"_step":19,"train_steps_per_second":16.829}