{"train/learning_rate":0.003,"train_loss":5.841042602881476,"eval/samples_per_second":222.458,"eval/steps_per_second":13.926,"train_samples_per_second":1072.508,"train_steps_per_second":16.758,"_timestamp":1.7622170736391473e+09,"train/grad_norm":0.15121906995773315,"eval/runtime":22.4761,"_wandb":{"runtime":1901},"train/loss":4.6818,"eval/loss":5.242053031921387,"_step":15,"train/global_step":713,"total_flos":1.2026946629769626e+17,"_runtime":1900.506686806,"train_runtime":1808.9032,"train/epoch":0.023520873538192554}