{"eval/loss":4.3366827964782715,"train_steps_per_second":16.832,"_wandb":{"runtime":1917},"_timestamp":1.762275499560347e+09,"_runtime":1917.354454676,"eval/steps_per_second":5.377,"eval/samples_per_second":85.889,"total_flos":7.337618228379648e+16,"train/global_step":870,"train/loss":3.8436,"train/grad_norm":0.43328946828842163,"_step":17,"train_loss":4.869854736328125,"train_samples_per_second":1077.247,"eval/runtime":58.215,"train_runtime":1800.9458,"train/learning_rate":0.00039074601178261734,"train/epoch":0.028700084120936217}