{"eval/runtime":14.1319,"_step":11,"eval/samples_per_second":353.81,"train/grad_norm":0.38644617795944214,"train_loss":5.227598243130895,"train_samples_per_second":1059.909,"train/epoch":0.024790934732050077,"eval/steps_per_second":14.789,"train/loss":4.0906,"train_steps_per_second":11.041,"train/learning_rate":0.0004,"_timestamp":1.7621918426539319e+09,"train/global_step":501,"train_runtime":1830.4059,"total_flos":1.2676367746963866e+17,"_runtime":1915.53613639,"eval/loss":4.612771987915039,"_wandb":{"runtime":1927}}