{"_step":27,"_timestamp":1.7622789309820373e+09,"train/loss":4.0643,"eval/steps_per_second":5.379,"_wandb":{"runtime":1917},"train/grad_norm":0.42512863874435425,"eval/samples_per_second":85.92,"train_samples_per_second":1077.733,"train_runtime":1800.1326,"_runtime":1916.934674627,"train/epoch":0.022333283850429677,"train/learning_rate":0.00039208300290774516,"train/global_step":677,"train_steps_per_second":16.84,"train_loss":5.132257323497507,"eval/runtime":58.1937,"total_flos":5.709847742277222e+16,"eval/loss":4.603054046630859}