{"train/loss":4.2174,"train_loss":5.447983897768415,"_runtime":2004.316907673,"train/grad_norm":0.63671875,"_wandb":{"runtime":2005},"train_steps_per_second":32.43,"train/epoch":0.016510795520147788,"eval/loss":4.817725658416748,"eval/steps_per_second":7.868,"_step":21,"train_samples_per_second":1037.764,"train_runtime":1869.4638,"total_flos":8.442478100427571e+16,"train/learning_rate":0.0002998706012594768,"_timestamp":1.76097923242938e+09,"eval/runtime":79.4371,"train/global_step":1001,"eval/samples_per_second":62.943}