{"train_loss":5.396053343316691,"train/epoch":0.014861365398254903,"train_runtime":1814.0197,"_step":19,"eval/loss":4.905699729919434,"total_flos":7.599073573994496e+16,"_timestamp":1.7621966905030184e+09,"eval/steps_per_second":11.177,"train/loss":4.3188,"train/grad_norm":0.4313843548297882,"train_samples_per_second":1069.483,"eval/runtime":14.0465,"train/learning_rate":0.0007,"eval/samples_per_second":355.96,"_wandb":{"runtime":1916},"_runtime":1901.854432828,"train/global_step":901,"train_steps_per_second":33.421}