{"total_flos":1.4995730137612288e+17,"eval/loss":4.478341579437256,"train_samples_per_second":1072.642,"eval/samples_per_second":312.861,"_wandb":{"runtime":1906},"train/epoch":0.029326867567255513,"_runtime":1894.389267383,"eval/runtime":15.9816,"train/loss":3.8933,"train/grad_norm":0.44534388184547424,"train_runtime":1808.6766,"_timestamp":1.7622631496581008e+09,"eval/steps_per_second":19.585,"train/global_step":889,"train_steps_per_second":16.76,"train/learning_rate":0.0004,"train_loss":4.83092643815031,"_step":17}